{"workclass": {"Private": [0.7142857142857143, 0.6340956340956341, 0.6718061674008811], "Self-emp-inc": [0.8394160583941606, 0.782312925170068, 0.8098591549295774], "Self-emp-not-inc": [0.7473684210526316, 0.5, 0.5991561181434598], "Local-gov": [0.6842105263157895, 0.6842105263157895, 0.6842105263157895], "unknown": [0.5833333333333334, 0.4, 0.4745762711864407], "Federal-gov": [0.8235294117647058, 0.6829268292682927, 0.7466666666666667], "State-gov": [0.65, 0.6610169491525424, 0.6554621848739496], "Never-worked": [1.0, 1.0, 1.0], "Without-pay": [1.0, 1.0, 1.0]}, "education": {"HS-grad": [0.5631067961165048, 0.3841059602649007, 0.45669291338582685], "Assoc-voc": [0.7681159420289855, 0.5824175824175825, 0.6625], "Bachelors": [0.7425287356321839, 0.7654028436018957, 0.7537922987164528], "11th": [1.0, 0.5384615384615384, 0.7000000000000001], "Some-college": [0.6779661016949152, 0.5351170568561873, 0.5981308411214953], "Masters": [0.7914438502673797, 0.8268156424581006, 0.8087431693989071], "Preschool": [0.0, 1.0, 0.0], "7th-8th": [1.0, 0.0, 0.0], "Assoc-acdm": [0.7297297297297297, 0.5192307692307693, 0.6067415730337079], "9th": [1.0, 0.0, 0.0], "Prof-school": [0.8823529411764706, 0.967741935483871, 0.923076923076923], "10th": [0.6666666666666666, 0.15384615384615385, 0.25], "Doctorate": [0.8181818181818182, 0.9152542372881356, 0.8640000000000001], "5th-6th": [1.0, 0.6666666666666666, 0.8], "12th": [1.0, 0.16666666666666666, 0.2857142857142857], "1st-4th": [1.0, 1.0, 1.0]}, "marital-status": {"Divorced": [0.72, 0.3564356435643564, 0.4768211920529801], "Married-civ-spouse": [0.7233009708737864, 0.6834862385321101, 0.7028301886792453], "Never-married": [0.7735849056603774, 0.43157894736842106, 0.5540540540540541], "Widowed": [1.0, 0.25, 0.4], "Married-AF-spouse": [1.0, 0.0, 0.0], "Married-spouse-absent": [1.0, 0.6, 0.7499999999999999], "Separated": [0.75, 0.42857142857142855, 0.5454545454545454]}, "occupation": {"Craft-repair": [0.6271186440677966, 0.4277456647398844, 0.5085910652920962], "Exec-managerial": [0.815, 0.7855421686746988, 0.7999999999999999], "Sales": [0.6878612716763006, 0.601010101010101, 0.6415094339622642], "Other-service": [0.5, 0.07142857142857142, 0.125], "Prof-specialty": [0.7647058823529411, 0.7982456140350878, 0.7811158798283262], "Machine-op-inspct": [0.5862068965517241, 0.3695652173913043, 0.4533333333333333], "Adm-clerical": [0.6629213483146067, 0.5462962962962963, 0.598984771573604], "Handlers-cleaners": [0.8333333333333334, 0.2777777777777778, 0.4166666666666667], "unknown": [0.5833333333333334, 0.4, 0.4745762711864407], "Tech-support": [0.7, 0.65625, 0.6774193548387096], "Transport-moving": [0.5263157894736842, 0.37037037037037035, 0.43478260869565216], "Farming-fishing": [0.7142857142857143, 0.45454545454545453, 0.5555555555555556], "Protective-serv": [0.5384615384615384, 0.5675675675675675, 0.5526315789473685], "Priv-house-serv": [1.0, 1.0, 1.0], "Armed-Forces": [1.0, 1.0, 1.0]}, "relationship": {"Not-in-family": [0.7578947368421053, 0.4067796610169492, 0.5294117647058825], "Husband": [0.7318181818181818, 0.6909871244635193, 0.7108167770419426], "Own-child": [0.75, 0.25, 0.375], "Unmarried": [0.8333333333333334, 0.32608695652173914, 0.46875000000000006], "Other-relative": [0.0, 0.0, 0.0], "Wife": [0.6567164179104478, 0.6470588235294118, 0.6518518518518519]}, "race": {"Asian-Pac-Islander": [0.8536585365853658, 0.5737704918032787, 0.6862745098039217], "White": [0.7252396166134185, 0.647184604419102, 0.6839924670433145], "Black": [0.660377358490566, 0.546875, 0.5982905982905983], "Other": [1.0, 0.5, 0.6666666666666666], "Amer-Indian-Eskimo": [0.6666666666666666, 0.2857142857142857, 0.4]}, "sex": {"Male": [0.7363560033585222, 0.6618867924528302, 0.6971383147853736], "Female": [0.6583850931677019, 0.49074074074074076, 0.5623342175066313]}, "native-country": {"United-States": [0.7210056772100568, 0.6409516943042538, 0.6786259541984733], "unknown": [0.8064516129032258, 0.6578947368421053, 0.7246376811594202], "El-Salvador": [1.0, 1.0, 1.0], "Mexico": [0.4, 0.2857142857142857, 0.3333333333333333], "South": [0.3333333333333333, 0.25, 0.28571428571428575], "Cuba": [0.5714285714285714, 0.8, 0.6666666666666666], "Laos": [1.0, 1.0, 1.0], "Ecuador": [1.0, 1.0, 1.0], "Philippines": [0.9, 0.6428571428571429, 0.75], "France": [1.0, 0.75, 0.8571428571428571], "Puerto-Rico": [1.0, 0.4, 0.5714285714285715], "Thailand": [1.0, 1.0, 1.0], "China": [0.75, 0.75, 0.75], "Guatemala": [1.0, 0.3333333333333333, 0.5], "Italy": [0.6666666666666666, 0.4, 0.5], "Canada": [0.75, 0.75, 0.75], "Dominican-Republic": [1.0, 1.0, 1.0], "Poland": [0.6666666666666666, 0.6666666666666666, 0.6666666666666666], "Jamaica": [0.5, 1.0, 0.6666666666666666], "Taiwan": [1.0, 1.0, 1.0], "Portugal": [1.0, 1.0, 1.0], "Germany": [1.0, 0.6, 0.7499999999999999], "Columbia": [1.0, 1.0, 1.0], "Ireland": [1.0, 0.6666666666666666, 0.8], "Haiti": [1.0, 0.5, 0.6666666666666666], "Trinadad&Tobago": [1.0, 1.0, 1.0], "India": [1.0, 0.42857142857142855, 0.6], "England": [1.0, 0.6, 0.7499999999999999], "Greece": [1.0, 1.0, 1.0], "Yugoslavia": [0.0, 1.0, 0.0], "Japan": [0.8333333333333334, 0.8333333333333334, 0.8333333333333334], "Nicaragua": [1.0, 1.0, 1.0], "Iran": [0.5, 1.0, 0.6666666666666666], "Vietnam": [1.0, 0.0, 0.0], "Cambodia": [1.0, 0.3333333333333333, 0.5], "Hong": [0.5, 1.0, 0.6666666666666666], "Honduras": [1.0, 1.0, 1.0], "Peru": [1.0, 0.0, 0.0], "Hungary": [1.0, 1.0, 1.0], "Outlying-US(Guam-USVI-etc)": [1.0, 1.0, 1.0], "Scotland": [1.0, 0.5, 0.6666666666666666]}}