{"workclass": {"Private": [0.7244094488188977, 0.6301369863013698, 0.673992673992674], "Self-emp-not-inc": [0.7105263157894737, 0.5159235668789809, 0.5977859778597787], "State-gov": [0.6944444444444444, 0.6666666666666666, 0.6802721088435373], "Federal-gov": [0.7727272727272727, 0.7083333333333334, 0.7391304347826088], "unknown": [0.6086956521739131, 0.3888888888888889, 0.47457627118644075], "Local-gov": [0.7168141592920354, 0.675, 0.6952789699570816], "Self-emp-inc": [0.7638888888888888, 0.7857142857142857, 0.7746478873239437], "Never-worked": [1.0, 1.0, 1.0]}, "education": {"Bachelors": [0.757847533632287, 0.7461368653421634, 0.7519466073414907], "Masters": [0.7793427230046949, 0.8137254901960784, 0.7961630695443646], "Some-college": [0.6680497925311203, 0.5875912408759124, 0.6252427184466018], "HS-grad": [0.5879828326180258, 0.3881019830028329, 0.46757679180887374], "Assoc-acdm": [0.7916666666666666, 0.59375, 0.6785714285714286], "5th-6th": [1.0, 0.6, 0.7499999999999999], "11th": [1.0, 0.3076923076923077, 0.47058823529411764], "Assoc-voc": [0.6140350877192983, 0.5072463768115942, 0.5555555555555556], "12th": [1.0, 0.42857142857142855, 0.6], "Doctorate": [0.881578947368421, 0.9054054054054054, 0.8933333333333332], "10th": [1.0, 0.18181818181818182, 0.3076923076923077], "Prof-school": [0.8314606741573034, 0.9367088607594937, 0.880952380952381], "9th": [0.5, 0.14285714285714285, 0.22222222222222224], "7th-8th": [0.5, 0.125, 0.2], "1st-4th": [1.0, 1.0, 1.0], "Preschool": [0.0, 1.0, 0.0]}, "marital-status": {"Married-civ-spouse": [0.7169230769230769, 0.6793002915451894, 0.6976047904191616], "Never-married": [0.8571428571428571, 0.46153846153846156, 0.6], "Divorced": [0.75, 0.40625, 0.527027027027027], "Separated": [1.0, 0.3, 0.4615384615384615], "Married-spouse-absent": [0.75, 0.2727272727272727, 0.39999999999999997], "Widowed": [1.0, 0.17857142857142858, 0.30303030303030304], "Married-AF-spouse": [1.0, 1.0, 1.0]}, "occupation": {"Prof-specialty": [0.7879581151832461, 0.7900262467191601, 0.7889908256880734], "Tech-support": [0.7241379310344828, 0.6774193548387096, 0.7], "Exec-managerial": [0.7908653846153846, 0.7615740740740741, 0.7759433962264152], "Other-service": [0.8, 0.16, 0.26666666666666666], "Craft-repair": [0.6164383561643836, 0.42857142857142855, 0.5056179775280898], "Sales": [0.6420454545454546, 0.6208791208791209, 0.6312849162011174], "Transport-moving": [0.5675675675675675, 0.3333333333333333, 0.42], "Machine-op-inspct": [0.6590909090909091, 0.5178571428571429, 0.5800000000000001], "Adm-clerical": [0.654320987654321, 0.5196078431372549, 0.5792349726775956], "Protective-serv": [0.6578947368421053, 0.7352941176470589, 0.6944444444444445], "Priv-house-serv": [1.0, 1.0, 1.0], "Handlers-cleaners": [0.5714285714285714, 0.25, 0.34782608695652173], "unknown": [0.6086956521739131, 0.3888888888888889, 0.47457627118644075], "Farming-fishing": [0.75, 0.2608695652173913, 0.3870967741935483], "Armed-Forces": [1.0, 1.0, 1.0]}, "relationship": {"Husband": [0.7246753246753247, 0.6838235294117647, 0.703656998738966], "Own-child": [0.8, 0.4, 0.5333333333333333], "Not-in-family": [0.8247422680412371, 0.41237113402061853, 0.549828178694158], "Unmarried": [0.7894736842105263, 0.3409090909090909, 0.4761904761904762], "Wife": [0.6549295774647887, 0.6642857142857143, 0.6595744680851063], "Other-relative": [0.6666666666666666, 0.2, 0.30769230769230765]}, "race": {"White": [0.7203065134099617, 0.6377204884667571, 0.6765023389708529], "Black": [0.8269230769230769, 0.5733333333333334, 0.6771653543307086], "Asian-Pac-Islander": [0.7454545454545455, 0.7192982456140351, 0.7321428571428571], "Amer-Indian-Eskimo": [0.6666666666666666, 0.3333333333333333, 0.4444444444444444], "Other": [1.0, 0.75, 0.8571428571428571]}, "sex": {"Male": [0.7306451612903225, 0.6532083633741889, 0.6897601827179292], "Female": [0.6906077348066298, 0.5319148936170213, 0.6009615384615385]}, "native-country": {"United-States": [0.723338485316847, 0.6294552790854069, 0.6731391585760518], "Mexico": [0.5, 0.4, 0.4444444444444445], "Philippines": [0.7692307692307693, 0.8333333333333334, 0.8], "Iran": [0.8333333333333334, 1.0, 0.9090909090909091], "Laos": [0.5, 0.5, 0.5], "unknown": [0.782608695652174, 0.5454545454545454, 0.6428571428571429], "India": [0.6363636363636364, 0.7777777777777778, 0.7000000000000001], "Germany": [0.625, 0.7142857142857143, 0.6666666666666666], "Haiti": [1.0, 1.0, 1.0], "Jamaica": [1.0, 0.0, 0.0], "Dominican-Republic": [1.0, 1.0, 1.0], "Outlying-US(Guam-USVI-etc)": [1.0, 1.0, 1.0], "Poland": [0.5, 0.25, 0.3333333333333333], "Nicaragua": [1.0, 1.0, 1.0], "Cuba": [0.8333333333333334, 0.8333333333333334, 0.8333333333333334], "Canada": [0.7272727272727273, 1.0, 0.8421052631578948], "Hungary": [1.0, 1.0, 1.0], "Peru": [1.0, 1.0, 1.0], "Trinadad&Tobago": [1.0, 0.0, 0.0], "England": [0.8, 1.0, 0.888888888888889], "Vietnam": [1.0, 1.0, 1.0], "Columbia": [1.0, 1.0, 1.0], "China": [0.6666666666666666, 0.8, 0.7272727272727272], "Greece": [1.0, 1.0, 1.0], "Japan": [0.75, 0.6, 0.6666666666666665], "Taiwan": [1.0, 0.5, 0.6666666666666666], "Italy": [1.0, 0.8, 0.888888888888889], "Puerto-Rico": [0.5, 0.5, 0.5], "Cambodia": [1.0, 1.0, 1.0], "France": [0.5, 0.5, 0.5], "Yugoslavia": [1.0, 1.0, 1.0], "Ireland": [1.0, 1.0, 1.0], "South": [0.5, 0.6666666666666666, 0.5714285714285715], "El-Salvador": [1.0, 1.0, 1.0], "Guatemala": [1.0, 1.0, 1.0], "Portugal": [1.0, 1.0, 1.0], "Honduras": [1.0, 1.0, 1.0], "Holand-Netherlands": [1.0, 1.0, 1.0], "Ecuador": [1.0, 0.0, 0.0], "Thailand": [1.0, 1.0, 1.0], "Hong": [1.0, 1.0, 1.0], "Scotland": [1.0, 1.0, 1.0]}}